request_id,scenario,workload_phase_label,request_start_ts,request_end_ts,request_latency_ms,success,http_status,error,prompt_tokens_estimate,requested_max_tokens,output_tokens_estimate,total_tokens_estimate
2,queue_pressure,vllm_queue_pressure,1782222572.6847818,1782222574.4122102,1727.4284362792969,1,200,,156,96,93,249
1,queue_pressure,vllm_queue_pressure,1782222572.6835167,1782222574.412314,1728.797197341919,1,200,,156,96,33,189
3,queue_pressure,vllm_queue_pressure,1782222572.6863513,1782222574.4284432,1742.0918941497803,1,200,,156,96,93,249
6,queue_pressure,vllm_queue_pressure,1782222572.689872,1782222574.4285257,1738.6536598205566,1,200,,156,96,95,251
0,queue_pressure,vllm_queue_pressure,1782222572.6819031,1782222574.428753,1746.849775314331,1,200,,156,96,98,254
7,queue_pressure,vllm_queue_pressure,1782222572.690555,1782222574.4289713,1738.4161949157715,1,200,,156,96,95,251
4,queue_pressure,vllm_queue_pressure,1782222572.688185,1782222574.42906,1740.875005722046,1,200,,156,96,95,251
5,queue_pressure,vllm_queue_pressure,1782222572.6891131,1782222574.4291294,1740.016222000122,1,200,,156,96,95,251
12,queue_pressure,vllm_queue_pressure,1782222572.6939626,1782222574.4417248,1747.7622032165527,1,200,,156,96,93,249
14,queue_pressure,vllm_queue_pressure,1782222572.6949944,1782222574.4417865,1746.7920780181885,1,200,,156,96,89,245
9,queue_pressure,vllm_queue_pressure,1782222572.6920862,1782222574.4418588,1749.772548675537,1,200,,156,96,89,245
13,queue_pressure,vllm_queue_pressure,1782222572.6945536,1782222574.4419267,1747.373104095459,1,200,,156,96,89,245
10,queue_pressure,vllm_queue_pressure,1782222572.6925175,1782222574.441987,1749.469518661499,1,200,,156,96,91,247
8,queue_pressure,vllm_queue_pressure,1782222572.6913216,1782222574.4420605,1750.7388591766357,1,200,,156,96,85,241
11,queue_pressure,vllm_queue_pressure,1782222572.6933222,1782222574.4421155,1748.793363571167,1,200,,156,96,33,189
15,queue_pressure,vllm_queue_pressure,1782222572.6955225,1782222574.4524608,1756.9382190704346,1,200,,156,96,86,242
17,queue_pressure,vllm_queue_pressure,1782222574.4529738,1782222576.154092,1701.1182308197021,1,200,,156,96,89,245
22,queue_pressure,vllm_queue_pressure,1782222574.4540753,1782222576.1702929,1716.2175178527832,1,200,,156,96,89,245
18,queue_pressure,vllm_queue_pressure,1782222574.453143,1782222576.170581,1717.4382209777832,1,200,,156,96,89,245
19,queue_pressure,vllm_queue_pressure,1782222574.4533498,1782222576.1706808,1717.3309326171875,1,200,,156,96,89,245
20,queue_pressure,vllm_queue_pressure,1782222574.4535327,1782222576.1707394,1717.2067165374756,1,200,,156,96,89,245
21,queue_pressure,vllm_queue_pressure,1782222574.4537551,1782222576.1708124,1717.057228088379,1,200,,156,96,89,245
16,queue_pressure,vllm_queue_pressure,1782222574.452783,1782222576.1708734,1718.090295791626,1,200,,156,96,86,242
28,queue_pressure,vllm_queue_pressure,1782222574.4556243,1782222576.184218,1728.5935878753662,1,200,,156,96,95,251
24,queue_pressure,vllm_queue_pressure,1782222574.4545288,1782222576.1876867,1733.1578731536865,1,200,,156,96,86,242
26,queue_pressure,vllm_queue_pressure,1782222574.4549804,1782222576.1878872,1732.9068183898926,1,200,,156,96,86,242
29,queue_pressure,vllm_queue_pressure,1782222574.4559538,1782222576.188583,1732.6290607452393,1,200,,156,96,97,253
25,queue_pressure,vllm_queue_pressure,1782222574.454799,1782222576.1886551,1733.856201171875,1,200,,156,96,91,247
27,queue_pressure,vllm_queue_pressure,1782222574.4552674,1782222576.188726,1733.4585189819336,1,200,,156,96,95,251
23,queue_pressure,vllm_queue_pressure,1782222574.4542594,1782222576.1887896,1734.5302104949951,1,200,,156,96,85,241
30,queue_pressure,vllm_queue_pressure,1782222574.4561324,1782222576.1975777,1741.4453029632568,1,200,,156,96,89,245
31,queue_pressure,vllm_queue_pressure,1782222574.4563196,1782222576.1976526,1741.3330078125,1,200,,156,96,91,247
33,queue_pressure,vllm_queue_pressure,1782222576.198093,1782222577.9165246,1718.4317111968994,1,200,,156,96,89,245
37,queue_pressure,vllm_queue_pressure,1782222576.1988287,1782222577.9325798,1733.7510585784912,1,200,,156,96,91,247
39,queue_pressure,vllm_queue_pressure,1782222576.1993327,1782222577.932673,1733.3402633666992,1,200,,156,96,89,245
32,queue_pressure,vllm_queue_pressure,1782222576.1979167,1782222577.9328527,1734.935998916626,1,200,,156,96,91,247
34,queue_pressure,vllm_queue_pressure,1782222576.198271,1782222577.9330518,1734.7807884216309,1,200,,156,96,91,247
35,queue_pressure,vllm_queue_pressure,1782222576.1984603,1782222577.9331207,1734.6603870391846,1,200,,156,96,91,247
36,queue_pressure,vllm_queue_pressure,1782222576.1986287,1782222577.9331875,1734.5588207244873,1,200,,156,96,91,247
40,queue_pressure,vllm_queue_pressure,1782222576.1995776,1782222577.9466352,1747.0576763153076,1,200,,156,96,91,247
43,queue_pressure,vllm_queue_pressure,1782222576.2006297,1782222577.9467936,1746.1638450622559,1,200,,156,96,89,245
38,queue_pressure,vllm_queue_pressure,1782222576.199108,1782222577.946854,1747.746229171753,1,200,,156,96,89,245
44,queue_pressure,vllm_queue_pressure,1782222576.200911,1782222577.9470208,1746.1097240447998,1,200,,156,96,86,242
42,queue_pressure,vllm_queue_pressure,1782222576.2002494,1782222577.947205,1746.9556331634521,1,200,,156,96,89,245
45,queue_pressure,vllm_queue_pressure,1782222576.2011404,1782222577.9472628,1746.1223602294922,1,200,,156,96,90,246
41,queue_pressure,vllm_queue_pressure,1782222576.1997812,1782222577.9473286,1747.5473880767822,1,200,,156,96,89,245
47,queue_pressure,vllm_queue_pressure,1782222576.202001,1782222577.9589877,1756.9866180419922,1,200,,156,96,85,241
46,queue_pressure,vllm_queue_pressure,1782222576.2015674,1782222577.9590523,1757.4849128723145,1,200,,156,96,97,253
49,queue_pressure,vllm_queue_pressure,1782222577.9595616,1782222579.6693919,1709.8302841186523,1,200,,156,96,89,245
48,queue_pressure,vllm_queue_pressure,1782222577.9593608,1782222579.686849,1727.4882793426514,1,200,,156,96,89,245
52,queue_pressure,vllm_queue_pressure,1782222577.9602194,1782222579.6874254,1727.2059917449951,1,200,,156,96,85,241
51,queue_pressure,vllm_queue_pressure,1782222577.9599638,1782222579.6876304,1727.6666164398193,1,200,,156,96,89,245
50,queue_pressure,vllm_queue_pressure,1782222577.9597857,1782222579.6877625,1727.9767990112305,1,200,,156,96,91,247
53,queue_pressure,vllm_queue_pressure,1782222577.9603589,1782222579.6878963,1727.5373935699463,1,200,,156,96,89,245
54,queue_pressure,vllm_queue_pressure,1782222577.9605215,1782222579.688028,1727.5066375732422,1,200,,156,96,89,245
61,queue_pressure,vllm_queue_pressure,1782222577.9620695,1782222579.7016044,1739.534854888916,1,200,,156,96,89,245
57,queue_pressure,vllm_queue_pressure,1782222577.96107,1782222579.7017314,1740.661382675171,1,200,,156,96,89,245
55,queue_pressure,vllm_queue_pressure,1782222577.9607162,1782222579.701851,1741.1346435546875,1,200,,156,96,89,245
59,queue_pressure,vllm_queue_pressure,1782222577.9614398,1782222579.7019653,1740.525484085083,1,200,,156,96,98,254
56,queue_pressure,vllm_queue_pressure,1782222577.9609096,1782222579.7020872,1741.1775588989258,1,200,,156,96,85,241
60,queue_pressure,vllm_queue_pressure,1782222577.9618206,1782222579.7022102,1740.3895854949951,1,200,,156,96,95,251
58,queue_pressure,vllm_queue_pressure,1782222577.9612508,1782222579.702319,1741.0681247711182,1,200,,156,96,93,249
63,queue_pressure,vllm_queue_pressure,1782222577.9624407,1782222579.7116165,1749.175786972046,1,200,,156,96,93,249
62,queue_pressure,vllm_queue_pressure,1782222577.9622648,1782222579.7117343,1749.469518661499,1,200,,156,96,97,253
65,queue_pressure,vllm_queue_pressure,1782222579.7126508,1782222581.4297292,1717.078447341919,1,200,,156,96,89,245
64,queue_pressure,vllm_queue_pressure,1782222579.7122889,1782222581.4475026,1735.2137565612793,1,200,,156,96,95,251
70,queue_pressure,vllm_queue_pressure,1782222579.7145016,1782222581.4480574,1733.555793762207,1,200,,156,96,89,245
66,queue_pressure,vllm_queue_pressure,1782222579.7129772,1782222581.4482205,1735.243320465088,1,200,,156,96,89,245
67,queue_pressure,vllm_queue_pressure,1782222579.7133594,1782222581.4483442,1734.9848747253418,1,200,,156,96,89,245
68,queue_pressure,vllm_queue_pressure,1782222579.7137153,1782222581.4484584,1734.7431182861328,1,200,,156,96,89,245
71,queue_pressure,vllm_queue_pressure,1782222579.714962,1782222581.4485693,1733.607292175293,1,200,,156,96,89,245
72,queue_pressure,vllm_queue_pressure,1782222579.7153132,1782222581.46266,1747.3468780517578,1,200,,156,96,89,245
74,queue_pressure,vllm_queue_pressure,1782222579.7163968,1782222581.4627798,1746.3829517364502,1,200,,156,96,89,245
73,queue_pressure,vllm_queue_pressure,1782222579.7158182,1782222581.4629,1747.0817565917969,1,200,,156,96,89,245
75,queue_pressure,vllm_queue_pressure,1782222579.716786,1782222581.4630234,1746.2375164031982,1,200,,156,96,89,245
76,queue_pressure,vllm_queue_pressure,1782222579.71716,1782222581.4631429,1745.9828853607178,1,200,,156,96,89,245
77,queue_pressure,vllm_queue_pressure,1782222579.7178774,1782222581.4632528,1745.375394821167,1,200,,156,96,89,245
69,queue_pressure,vllm_queue_pressure,1782222579.7140326,1782222581.4633493,1749.316692352295,1,200,,156,96,98,254
78,queue_pressure,vllm_queue_pressure,1782222579.7183394,1782222581.4731324,1754.7929286956787,1,200,,156,96,89,245
79,queue_pressure,vllm_queue_pressure,1782222579.7187405,1782222581.4732454,1754.504919052124,1,200,,156,96,89,245
81,queue_pressure,vllm_queue_pressure,1782222581.4740782,1782222583.1898263,1715.7480716705322,1,200,,156,96,33,189
86,queue_pressure,vllm_queue_pressure,1782222581.4758635,1782222583.2072878,1731.424331665039,1,200,,156,96,89,245
85,queue_pressure,vllm_queue_pressure,1782222581.475356,1782222583.2078607,1732.5046062469482,1,200,,156,96,89,245
80,queue_pressure,vllm_queue_pressure,1782222581.4737823,1782222583.2080338,1734.2514991760254,1,200,,156,96,90,246
83,queue_pressure,vllm_queue_pressure,1782222581.4747138,1782222583.2081554,1733.4415912628174,1,200,,156,96,89,245
84,queue_pressure,vllm_queue_pressure,1782222581.475053,1782222583.2082725,1733.2193851470947,1,200,,156,96,89,245
82,queue_pressure,vllm_queue_pressure,1782222581.4743893,1782222583.2083848,1733.9954376220703,1,200,,156,96,89,245
88,queue_pressure,vllm_queue_pressure,1782222581.4767716,1782222583.2212467,1744.4751262664795,1,200,,156,96,95,251
89,queue_pressure,vllm_queue_pressure,1782222581.4772215,1782222583.2217927,1744.5712089538574,1,200,,156,96,89,245
92,queue_pressure,vllm_queue_pressure,1782222581.4782894,1782222583.221959,1743.6697483062744,1,200,,156,96,33,189
87,queue_pressure,vllm_queue_pressure,1782222581.4764533,1782222583.2220793,1745.6259727478027,1,200,,156,96,97,253
90,queue_pressure,vllm_queue_pressure,1782222581.4776685,1782222583.2222016,1744.5330619812012,1,200,,156,96,98,254
91,queue_pressure,vllm_queue_pressure,1782222581.4779758,1782222583.2223175,1744.3416118621826,1,200,,156,96,33,189
95,queue_pressure,vllm_queue_pressure,1782222581.4795718,1782222583.2331991,1753.6273002624512,1,200,,156,96,101,257
93,queue_pressure,vllm_queue_pressure,1782222581.4789422,1782222583.2333188,1754.3766498565674,1,200,,156,96,89,245
94,queue_pressure,vllm_queue_pressure,1782222581.4792333,1782222583.2334354,1754.202127456665,1,200,,156,96,90,246
98,queue_pressure,vllm_queue_pressure,1782222583.234494,1782222584.9605799,1726.085901260376,1,200,,156,96,90,246
102,queue_pressure,vllm_queue_pressure,1782222583.236082,1782222584.9783525,1742.2704696655273,1,200,,156,96,72,228
99,queue_pressure,vllm_queue_pressure,1782222583.2348678,1782222584.9789677,1744.0998554229736,1,200,,156,96,88,244
101,queue_pressure,vllm_queue_pressure,1782222583.2355766,1782222584.9791517,1743.575096130371,1,200,,156,96,33,189
97,queue_pressure,vllm_queue_pressure,1782222583.234204,1782222584.9792855,1745.0814247131348,1,200,,156,96,89,245
100,queue_pressure,vllm_queue_pressure,1782222583.235139,1782222584.9794455,1744.3065643310547,1,200,,156,96,86,242
96,queue_pressure,vllm_queue_pressure,1782222583.2339225,1782222584.979573,1745.6505298614502,1,200,,156,96,91,247
103,queue_pressure,vllm_queue_pressure,1782222583.2363982,1782222584.9932623,1756.864070892334,1,200,,156,96,89,245
109,queue_pressure,vllm_queue_pressure,1782222583.23886,1782222584.9938107,1754.950761795044,1,200,,156,96,89,245
104,queue_pressure,vllm_queue_pressure,1782222583.236947,1782222584.9939642,1757.0171356201172,1,200,,156,96,85,241
106,queue_pressure,vllm_queue_pressure,1782222583.237547,1782222584.9940844,1756.5374374389648,1,200,,156,96,33,189
107,queue_pressure,vllm_queue_pressure,1782222583.2379618,1782222584.9941995,1756.2377452850342,1,200,,156,96,89,245
105,queue_pressure,vllm_queue_pressure,1782222583.2372553,1782222584.9943204,1757.0650577545166,1,200,,156,96,89,245
110,queue_pressure,vllm_queue_pressure,1782222583.2394586,1782222585.005439,1765.9804821014404,1,200,,156,96,64,220
111,queue_pressure,vllm_queue_pressure,1782222583.2397308,1782222585.0055556,1765.824794769287,1,200,,156,96,33,189
108,queue_pressure,vllm_queue_pressure,1782222583.2384858,1782222585.0056822,1767.1964168548584,1,200,,156,96,97,253
114,queue_pressure,vllm_queue_pressure,1782222585.006774,1782222586.7902908,1783.5168838500977,1,200,,156,96,33,189
117,queue_pressure,vllm_queue_pressure,1782222585.007998,1782222586.8040085,1796.0104942321777,1,200,,156,96,33,189
116,queue_pressure,vllm_queue_pressure,1782222585.0074723,1782222586.8041058,1796.6334819793701,1,200,,156,96,33,189
115,queue_pressure,vllm_queue_pressure,1782222585.0070975,1782222586.8041813,1797.083854675293,1,200,,156,96,33,189
113,queue_pressure,vllm_queue_pressure,1782222585.006486,1782222586.80439,1797.9040145874023,1,200,,156,96,33,189
118,queue_pressure,vllm_queue_pressure,1782222585.0084324,1782222586.8044636,1796.0312366485596,1,200,,156,96,33,189
112,queue_pressure,vllm_queue_pressure,1782222585.006176,1782222586.8048081,1798.6321449279785,1,200,,156,96,56,212
124,queue_pressure,vllm_queue_pressure,1782222585.0106695,1782222586.817816,1807.1465492248535,1,200,,156,96,33,189
119,queue_pressure,vllm_queue_pressure,1782222585.0088584,1782222586.8179147,1809.056282043457,1,200,,156,96,89,245
120,queue_pressure,vllm_queue_pressure,1782222585.0091882,1782222586.8181849,1808.9966773986816,1,200,,156,96,33,189
122,queue_pressure,vllm_queue_pressure,1782222585.0100617,1782222586.8185487,1808.4869384765625,1,200,,156,96,33,189
121,queue_pressure,vllm_queue_pressure,1782222585.009542,1782222586.8186831,1809.1411590576172,1,200,,156,96,33,189
123,queue_pressure,vllm_queue_pressure,1782222585.0103633,1782222586.8187559,1808.3925247192383,1,200,,156,96,33,189
126,queue_pressure,vllm_queue_pressure,1782222585.011608,1782222586.8302455,1818.6376094818115,1,200,,156,96,33,189
127,queue_pressure,vllm_queue_pressure,1782222585.012135,1782222586.8304658,1818.3307647705078,1,200,,156,96,33,189
125,queue_pressure,vllm_queue_pressure,1782222585.0112553,1782222586.8305686,1819.3132877349854,1,200,,156,96,97,253
129,queue_pressure,vllm_queue_pressure,1782222586.8312516,1782222588.5486612,1717.409610748291,1,200,,156,96,33,189
132,queue_pressure,vllm_queue_pressure,1782222586.8320725,1782222588.5646956,1732.6231002807617,1,200,,156,96,33,189
130,queue_pressure,vllm_queue_pressure,1782222586.8314784,1782222588.5649717,1733.4933280944824,1,200,,156,96,33,189
133,queue_pressure,vllm_queue_pressure,1782222586.8323798,1782222588.5651739,1732.7940464019775,1,200,,156,96,33,189
136,queue_pressure,vllm_queue_pressure,1782222586.832991,1782222588.5652401,1732.2492599487305,1,200,,156,96,33,189
128,queue_pressure,vllm_queue_pressure,1782222586.8309853,1782222588.5653164,1734.3311309814453,1,200,,156,96,33,189
131,queue_pressure,vllm_queue_pressure,1782222586.8317413,1782222588.565451,1733.7095737457275,1,200,,156,96,33,189
134,queue_pressure,vllm_queue_pressure,1782222586.8326132,1782222588.578517,1745.903730392456,1,200,,156,96,33,189
140,queue_pressure,vllm_queue_pressure,1782222586.834073,1782222588.5788016,1744.7285652160645,1,200,,156,96,33,189
137,queue_pressure,vllm_queue_pressure,1782222586.8331778,1782222588.5789845,1745.8066940307617,1,200,,156,96,33,189
138,queue_pressure,vllm_queue_pressure,1782222586.8336084,1782222588.5790467,1745.4383373260498,1,200,,156,96,33,189
139,queue_pressure,vllm_queue_pressure,1782222586.8338962,1782222588.5791173,1745.2211380004883,1,200,,156,96,97,253
135,queue_pressure,vllm_queue_pressure,1782222586.8328042,1782222588.5792422,1746.4380264282227,1,200,,156,96,97,253
143,queue_pressure,vllm_queue_pressure,1782222586.8347716,1782222588.5929344,1758.1627368927002,1,200,,156,96,33,189
142,queue_pressure,vllm_queue_pressure,1782222586.834561,1782222588.5930955,1758.5344314575195,1,200,,156,96,33,189
141,queue_pressure,vllm_queue_pressure,1782222586.8343568,1782222588.593214,1758.857250213623,1,200,,156,96,33,189
145,queue_pressure,vllm_queue_pressure,1782222588.5939968,1782222590.3073413,1713.3445739746094,1,200,,156,96,33,189
150,queue_pressure,vllm_queue_pressure,1782222588.5951304,1782222590.3254905,1730.3600311279297,1,200,,156,96,33,189
147,queue_pressure,vllm_queue_pressure,1782222588.5943775,1782222590.3256357,1731.2581539154053,1,200,,156,96,33,189
146,queue_pressure,vllm_queue_pressure,1782222588.594203,1782222590.3257668,1731.5638065338135,1,200,,156,96,33,189
148,queue_pressure,vllm_queue_pressure,1782222588.5945933,1782222590.3258853,1731.2920093536377,1,200,,156,96,33,189
149,queue_pressure,vllm_queue_pressure,1782222588.5948734,1782222590.3260028,1731.1294078826904,1,200,,156,96,97,253
144,queue_pressure,vllm_queue_pressure,1782222588.593776,1782222590.326119,1732.3429584503174,1,200,,156,96,33,189
155,queue_pressure,vllm_queue_pressure,1782222588.5965083,1782222590.338882,1742.3737049102783,1,200,,156,96,33,189
154,queue_pressure,vllm_queue_pressure,1782222588.5960708,1782222590.3394043,1743.3335781097412,1,200,,156,96,33,189
151,queue_pressure,vllm_queue_pressure,1782222588.5953972,1782222590.339566,1744.168758392334,1,200,,156,96,33,189
153,queue_pressure,vllm_queue_pressure,1782222588.5958223,1782222590.339699,1743.8766956329346,1,200,,156,96,33,189
157,queue_pressure,vllm_queue_pressure,1782222588.596871,1782222590.3398156,1742.9447174072266,1,200,,156,96,33,189
152,queue_pressure,vllm_queue_pressure,1782222588.5956173,1782222590.3399198,1744.30251121521,1,200,,156,96,33,189
159,queue_pressure,vllm_queue_pressure,1782222588.597314,1782222590.3513448,1754.0309429168701,1,200,,156,96,33,189
158,queue_pressure,vllm_queue_pressure,1782222588.5971012,1782222590.3514674,1754.366159439087,1,200,,156,96,33,189
156,queue_pressure,vllm_queue_pressure,1782222588.5966866,1782222590.3515766,1754.889965057373,1,200,,156,96,33,189
161,queue_pressure,vllm_queue_pressure,1782222590.3527205,1782222592.0609524,1708.2319259643555,1,200,,156,96,33,189
160,queue_pressure,vllm_queue_pressure,1782222590.352196,1782222592.0782568,1726.0608673095703,1,200,,156,96,33,189
163,queue_pressure,vllm_queue_pressure,1782222590.353322,1782222592.078837,1725.5148887634277,1,200,,156,96,33,189
162,queue_pressure,vllm_queue_pressure,1782222590.353036,1782222592.0790143,1725.9783744812012,1,200,,156,96,33,189
165,queue_pressure,vllm_queue_pressure,1782222590.3539045,1782222592.0791476,1725.243091583252,1,200,,156,96,33,189
166,queue_pressure,vllm_queue_pressure,1782222590.3542163,1782222592.0792687,1725.0523567199707,1,200,,156,96,33,189
164,queue_pressure,vllm_queue_pressure,1782222590.3536258,1782222592.0793777,1725.7518768310547,1,200,,156,96,33,189
167,queue_pressure,vllm_queue_pressure,1782222590.35467,1782222592.0922225,1737.5524044036865,1,200,,156,96,33,189
170,queue_pressure,vllm_queue_pressure,1782222590.3564398,1782222592.0927572,1736.3173961639404,1,200,,156,96,89,245
171,queue_pressure,vllm_queue_pressure,1782222590.3567977,1782222592.09293,1736.1323833465576,1,200,,156,96,33,189
172,queue_pressure,vllm_queue_pressure,1782222590.357477,1782222592.093058,1735.5811595916748,1,200,,156,96,33,189
169,queue_pressure,vllm_queue_pressure,1782222590.3561058,1782222592.0931742,1737.0684146881104,1,200,,156,96,97,253
168,queue_pressure,vllm_queue_pressure,1782222590.355233,1782222592.09329,1738.0571365356445,1,200,,156,96,33,189
173,queue_pressure,vllm_queue_pressure,1782222590.3578727,1782222592.103982,1746.1092472076416,1,200,,156,96,33,189
175,queue_pressure,vllm_queue_pressure,1782222590.3585715,1782222592.1041017,1745.530128479004,1,200,,156,96,33,189
174,queue_pressure,vllm_queue_pressure,1782222590.3582041,1782222592.1042097,1746.0055351257324,1,200,,156,96,33,189
176,queue_pressure,vllm_queue_pressure,1782222592.1048167,1782222593.8118477,1707.031011581421,1,200,,156,96,33,189
177,queue_pressure,vllm_queue_pressure,1782222592.1051257,1782222593.8279965,1722.8708267211914,1,200,,156,96,97,253
181,queue_pressure,vllm_queue_pressure,1782222592.1065295,1782222593.8281262,1721.5967178344727,1,200,,156,96,33,189
180,queue_pressure,vllm_queue_pressure,1782222592.1061435,1782222593.8283591,1722.2156524658203,1,200,,156,96,33,189
178,queue_pressure,vllm_queue_pressure,1782222592.1054292,1782222593.8285527,1723.123550415039,1,200,,156,96,97,253
182,queue_pressure,vllm_queue_pressure,1782222592.10692,1782222593.8286607,1721.74072265625,1,200,,156,96,33,189
179,queue_pressure,vllm_queue_pressure,1782222592.1057754,1782222593.8288076,1723.0322360992432,1,200,,156,96,89,245
185,queue_pressure,vllm_queue_pressure,1782222592.1079106,1782222593.8417737,1733.863115310669,1,200,,156,96,33,189
184,queue_pressure,vllm_queue_pressure,1782222592.1075346,1782222593.8418865,1734.3518733978271,1,200,,156,96,33,189
186,queue_pressure,vllm_queue_pressure,1782222592.1083617,1782222593.8420982,1733.736515045166,1,200,,156,96,33,189
188,queue_pressure,vllm_queue_pressure,1782222592.1092713,1782222593.8422766,1733.0052852630615,1,200,,156,96,33,189
187,queue_pressure,vllm_queue_pressure,1782222592.1089435,1782222593.8423505,1733.4070205688477,1,200,,156,96,90,246
183,queue_pressure,vllm_queue_pressure,1782222592.1072104,1782222593.8424728,1735.262393951416,1,200,,156,96,33,189
190,queue_pressure,vllm_queue_pressure,1782222592.1100593,1782222593.854025,1743.9656257629395,1,200,,156,96,94,250
191,queue_pressure,vllm_queue_pressure,1782222592.1104457,1782222593.854171,1743.725299835205,1,200,,156,96,33,189
189,queue_pressure,vllm_queue_pressure,1782222592.1096904,1782222593.8543239,1744.633436203003,1,200,,156,96,94,250
194,queue_pressure,vllm_queue_pressure,1782222593.8556614,1782222595.5561547,1700.493335723877,1,200,,156,96,33,189
193,queue_pressure,vllm_queue_pressure,1782222593.855325,1782222595.556275,1700.9499073028564,1,200,,156,96,33,189
192,queue_pressure,vllm_queue_pressure,1782222593.8549876,1782222595.571509,1716.5212631225586,1,200,,156,96,33,189
196,queue_pressure,vllm_queue_pressure,1782222593.8563688,1782222595.5716484,1715.2795791625977,1,200,,156,96,33,189
199,queue_pressure,vllm_queue_pressure,1782222593.857565,1782222595.5717835,1714.2186164855957,1,200,,156,96,90,246
198,queue_pressure,vllm_queue_pressure,1782222593.8570356,1782222595.5718749,1714.839220046997,1,200,,156,96,97,253
195,queue_pressure,vllm_queue_pressure,1782222593.8559403,1782222595.572283,1716.3426876068115,1,200,,156,96,97,253
197,queue_pressure,vllm_queue_pressure,1782222593.8567,1782222595.5724018,1715.7018184661865,1,200,,156,96,97,253
203,queue_pressure,vllm_queue_pressure,1782222593.8586378,1782222595.5853372,1726.6993522644043,1,200,,156,96,33,189
202,queue_pressure,vllm_queue_pressure,1782222593.8583324,1782222595.5854802,1727.1478176116943,1,200,,156,96,85,241
201,queue_pressure,vllm_queue_pressure,1782222593.8580465,1782222595.5857153,1727.6687622070312,1,200,,156,96,91,247
204,queue_pressure,vllm_queue_pressure,1782222593.859011,1782222595.58591,1726.8991470336914,1,200,,156,96,97,253
205,queue_pressure,vllm_queue_pressure,1782222593.859196,1782222595.585984,1726.78804397583,1,200,,156,96,33,189
200,queue_pressure,vllm_queue_pressure,1782222593.8577697,1782222595.5861094,1728.339672088623,1,200,,156,96,33,189
207,queue_pressure,vllm_queue_pressure,1782222593.8595762,1782222595.5973763,1737.800121307373,1,200,,156,96,94,250
206,queue_pressure,vllm_queue_pressure,1782222593.8593795,1782222595.597485,1738.1055355072021,1,200,,156,96,33,189
209,queue_pressure,vllm_queue_pressure,1782222595.5982141,1782222597.3038998,1705.6856155395508,1,200,,156,96,95,251
208,queue_pressure,vllm_queue_pressure,1782222595.5979931,1782222597.320319,1722.3258018493652,1,200,,156,96,33,189
214,queue_pressure,vllm_queue_pressure,1782222595.5999193,1782222597.3204162,1720.4968929290771,1,200,,156,96,33,189
212,queue_pressure,vllm_queue_pressure,1782222595.5991216,1782222597.3204918,1721.3702201843262,1,200,,156,96,33,189
211,queue_pressure,vllm_queue_pressure,1782222595.5987697,1782222597.320566,1721.7962741851807,1,200,,156,96,33,189
215,queue_pressure,vllm_queue_pressure,1782222595.6001806,1782222597.3206577,1720.4771041870117,1,200,,156,96,33,189
210,queue_pressure,vllm_queue_pressure,1782222595.5983984,1782222597.3207343,1722.3358154296875,1,200,,156,96,33,189
216,queue_pressure,vllm_queue_pressure,1782222595.60058,1782222597.3337498,1733.1697940826416,1,200,,156,96,33,189
220,queue_pressure,vllm_queue_pressure,1782222595.6013756,1782222597.333866,1732.4903011322021,1,200,,156,96,85,241
213,queue_pressure,vllm_queue_pressure,1782222595.5996,1782222597.3340743,1734.4741821289062,1,200,,156,96,33,189
221,queue_pressure,vllm_queue_pressure,1782222595.6015751,1782222597.3342566,1732.6815128326416,1,200,,156,96,33,189
217,queue_pressure,vllm_queue_pressure,1782222595.6007612,1782222597.3343253,1733.5641384124756,1,200,,156,96,33,189
219,queue_pressure,vllm_queue_pressure,1782222595.6011627,1782222597.3344524,1733.2897186279297,1,200,,156,96,85,241
218,queue_pressure,vllm_queue_pressure,1782222595.600957,1782222597.3463676,1745.410680770874,1,200,,156,96,33,189
223,queue_pressure,vllm_queue_pressure,1782222595.60193,1782222597.3464901,1744.5602416992188,1,200,,156,96,33,189
222,queue_pressure,vllm_queue_pressure,1782222595.601769,1782222597.3466153,1744.8463439941406,1,200,,156,96,33,189
225,queue_pressure,vllm_queue_pressure,1782222597.3475182,1782222599.056237,1708.7187767028809,1,200,,156,96,89,245
230,queue_pressure,vllm_queue_pressure,1782222597.3491518,1782222599.0736866,1724.5347499847412,1,200,,156,96,33,189
229,queue_pressure,vllm_queue_pressure,1782222597.3488364,1782222599.074294,1725.4576683044434,1,200,,156,96,94,250
224,queue_pressure,vllm_queue_pressure,1782222597.3471947,1782222599.0744836,1727.2889614105225,1,200,,156,96,33,189
227,queue_pressure,vllm_queue_pressure,1782222597.3481927,1782222599.0746326,1726.4399528503418,1,200,,156,96,33,189
228,queue_pressure,vllm_queue_pressure,1782222597.348503,1782222599.0747583,1726.255178451538,1,200,,156,96,33,189
226,queue_pressure,vllm_queue_pressure,1782222597.3478622,1782222599.074896,1727.0338535308838,1,200,,156,96,33,189
232,queue_pressure,vllm_queue_pressure,1782222597.34983,1782222599.0874698,1737.6399040222168,1,200,,156,96,33,189
231,queue_pressure,vllm_queue_pressure,1782222597.3494802,1782222599.0878212,1738.3410930633545,1,200,,156,96,33,189
233,queue_pressure,vllm_queue_pressure,1782222597.350206,1782222599.0879433,1737.7374172210693,1,200,,156,96,33,189
235,queue_pressure,vllm_queue_pressure,1782222597.350989,1782222599.0881486,1737.1594905853271,1,200,,156,96,33,189
234,queue_pressure,vllm_queue_pressure,1782222597.3505113,1782222599.0884876,1737.976312637329,1,200,,156,96,85,241
236,queue_pressure,vllm_queue_pressure,1782222597.3511403,1782222599.0886784,1737.5380992889404,1,200,,156,96,97,253
237,queue_pressure,vllm_queue_pressure,1782222597.3513365,1782222599.0993185,1747.9820251464844,1,200,,156,96,33,189
239,queue_pressure,vllm_queue_pressure,1782222597.351866,1782222599.0994477,1747.5817203521729,1,200,,156,96,97,253
238,queue_pressure,vllm_queue_pressure,1782222597.3516707,1782222599.099567,1747.8961944580078,1,200,,156,96,89,245
240,queue_pressure,vllm_queue_pressure,1782222599.1002357,1782222600.816067,1715.8312797546387,1,200,,156,96,33,189
244,queue_pressure,vllm_queue_pressure,1782222599.1016738,1782222600.8339975,1732.3236465454102,1,200,,156,96,90,246
241,queue_pressure,vllm_queue_pressure,1782222599.1005752,1782222600.8341424,1733.567237854004,1,200,,156,96,33,189
245,queue_pressure,vllm_queue_pressure,1782222599.1020384,1782222600.8342683,1732.2299480438232,1,200,,156,96,33,189
247,queue_pressure,vllm_queue_pressure,1782222599.1028256,1782222600.8343964,1731.5707206726074,1,200,,156,96,33,189
242,queue_pressure,vllm_queue_pressure,1782222599.1009147,1782222600.8345296,1733.6149215698242,1,200,,156,96,33,189
243,queue_pressure,vllm_queue_pressure,1782222599.1011975,1782222600.8346581,1733.4606647491455,1,200,,156,96,85,241
250,queue_pressure,vllm_queue_pressure,1782222599.1041803,1782222600.847474,1743.2937622070312,1,200,,156,96,33,189
249,queue_pressure,vllm_queue_pressure,1782222599.1037145,1782222600.848063,1744.3485260009766,1,200,,156,96,89,245
251,queue_pressure,vllm_queue_pressure,1782222599.1046937,1782222600.848234,1743.5402870178223,1,200,,156,96,33,189
246,queue_pressure,vllm_queue_pressure,1782222599.1024554,1782222600.8483613,1745.905876159668,1,200,,156,96,33,189
252,queue_pressure,vllm_queue_pressure,1782222599.1050408,1782222600.8484807,1743.4399127960205,1,200,,156,96,33,189
248,queue_pressure,vllm_queue_pressure,1782222599.1031785,1782222600.8486314,1745.452880859375,1,200,,156,96,89,245
254,queue_pressure,vllm_queue_pressure,1782222599.1057415,1782222600.8593557,1753.6141872406006,1,200,,156,96,33,189
255,queue_pressure,vllm_queue_pressure,1782222599.106055,1782222600.8594847,1753.429651260376,1,200,,156,96,33,189
253,queue_pressure,vllm_queue_pressure,1782222599.1053612,1782222600.8596153,1754.2541027069092,1,200,,156,96,33,189
258,queue_pressure,vllm_queue_pressure,1782222600.860817,1782222602.583011,1722.193956375122,1,200,,156,96,33,189
259,queue_pressure,vllm_queue_pressure,1782222600.861174,1782222602.6002765,1739.1023635864258,1,200,,156,96,97,253
260,queue_pressure,vllm_queue_pressure,1782222600.8614595,1782222602.6008453,1739.3858432769775,1,200,,156,96,33,189
263,queue_pressure,vllm_queue_pressure,1782222600.86249,1782222602.6010032,1738.5132312774658,1,200,,156,96,97,253
261,queue_pressure,vllm_queue_pressure,1782222600.8617995,1782222602.6011403,1739.3407821655273,1,200,,156,96,33,189
256,queue_pressure,vllm_queue_pressure,1782222600.8602037,1782222602.6012688,1741.0650253295898,1,200,,156,96,33,189
257,queue_pressure,vllm_queue_pressure,1782222600.8605158,1782222602.6013918,1740.8759593963623,1,200,,156,96,33,189
262,queue_pressure,vllm_queue_pressure,1782222600.862092,1782222602.6140025,1751.9104480743408,1,200,,156,96,33,189
265,queue_pressure,vllm_queue_pressure,1782222600.8634353,1782222602.614498,1751.0626316070557,1,200,,156,96,33,189
267,queue_pressure,vllm_queue_pressure,1782222600.8640707,1782222602.6146863,1750.6155967712402,1,200,,156,96,97,253
266,queue_pressure,vllm_queue_pressure,1782222600.8637562,1782222602.6148083,1751.0521411895752,1,200,,156,96,33,189
268,queue_pressure,vllm_queue_pressure,1782222600.8645334,1782222602.6149197,1750.3862380981445,1,200,,156,96,85,241
264,queue_pressure,vllm_queue_pressure,1782222600.8628652,1782222602.6150236,1752.1584033966064,1,200,,156,96,33,189
270,queue_pressure,vllm_queue_pressure,1782222600.8653753,1782222602.62583,1760.4546546936035,1,200,,156,96,33,189
271,queue_pressure,vllm_queue_pressure,1782222600.865949,1782222602.625952,1760.0030899047852,1,200,,156,96,33,189
269,queue_pressure,vllm_queue_pressure,1782222600.8648512,1782222602.626068,1761.2168788909912,1,200,,156,96,85,241
275,queue_pressure,vllm_queue_pressure,1782222602.6274946,1782222604.3458326,1718.3380126953125,1,200,,156,96,33,189
274,queue_pressure,vllm_queue_pressure,1782222602.6272266,1782222604.3632038,1735.9771728515625,1,200,,156,96,33,189
279,queue_pressure,vllm_queue_pressure,1782222602.628873,1782222604.3637903,1734.917163848877,1,200,,156,96,94,250
276,queue_pressure,vllm_queue_pressure,1782222602.6278954,1782222604.3639219,1736.0265254974365,1,200,,156,96,33,189
277,queue_pressure,vllm_queue_pressure,1782222602.6281917,1782222604.364318,1736.126184463501,1,200,,156,96,89,245
272,queue_pressure,vllm_queue_pressure,1782222602.6266048,1782222604.3644536,1737.8487586975098,1,200,,156,96,33,189
273,queue_pressure,vllm_queue_pressure,1782222602.6269321,1782222604.3645768,1737.6446723937988,1,200,,156,96,33,189
282,queue_pressure,vllm_queue_pressure,1782222602.62999,1782222604.3776436,1747.6534843444824,1,200,,156,96,33,189
284,queue_pressure,vllm_queue_pressure,1782222602.6308382,1782222604.3777666,1746.9284534454346,1,200,,156,96,86,242
278,queue_pressure,vllm_queue_pressure,1782222602.6285276,1782222604.3778954,1749.3677139282227,1,200,,156,96,89,245
283,queue_pressure,vllm_queue_pressure,1782222602.630326,1782222604.3780215,1747.6954460144043,1,200,,156,96,97,253
280,queue_pressure,vllm_queue_pressure,1782222602.6293094,1782222604.3781352,1748.8257884979248,1,200,,156,96,33,189
281,queue_pressure,vllm_queue_pressure,1782222602.6296847,1782222604.3782425,1748.5578060150146,1,200,,156,96,33,189
286,queue_pressure,vllm_queue_pressure,1782222602.6316183,1782222604.3891642,1757.5459480285645,1,200,,156,96,33,189
287,queue_pressure,vllm_queue_pressure,1782222602.631945,1782222604.389294,1757.3490142822266,1,200,,156,96,89,245
285,queue_pressure,vllm_queue_pressure,1782222602.6312068,1782222604.3894143,1758.2075595855713,1,200,,156,96,33,189
289,queue_pressure,vllm_queue_pressure,1782222604.3902454,1782222606.1136787,1723.433256149292,1,200,,156,96,94,250
294,queue_pressure,vllm_queue_pressure,1782222604.3917954,1782222606.129743,1737.947702407837,1,200,,156,96,97,253
290,queue_pressure,vllm_queue_pressure,1782222604.3905694,1782222606.1300826,1739.5131587982178,1,200,,156,96,85,241
288,queue_pressure,vllm_queue_pressure,1782222604.38993,1782222606.130187,1740.2570247650146,1,200,,156,96,33,189
292,queue_pressure,vllm_queue_pressure,1782222604.3911912,1782222606.1302662,1739.074945449829,1,200,,156,96,33,189
291,queue_pressure,vllm_queue_pressure,1782222604.3908644,1782222606.130336,1739.471673965454,1,200,,156,96,33,189
293,queue_pressure,vllm_queue_pressure,1782222604.3914723,1782222606.130576,1739.1035556793213,1,200,,156,96,33,189
300,queue_pressure,vllm_queue_pressure,1782222604.394128,1782222606.1441073,1749.9792575836182,1,200,,156,96,33,189
296,queue_pressure,vllm_queue_pressure,1782222604.3927054,1782222606.144297,1751.591444015503,1,200,,156,96,94,250
299,queue_pressure,vllm_queue_pressure,1782222604.393785,1782222606.1444945,1750.7095336914062,1,200,,156,96,94,250
297,queue_pressure,vllm_queue_pressure,1782222604.3930519,1782222606.1445704,1751.5184879302979,1,200,,156,96,89,245
301,queue_pressure,vllm_queue_pressure,1782222604.3944788,1782222606.1446922,1750.213384628296,1,200,,156,96,89,245
295,queue_pressure,vllm_queue_pressure,1782222604.3923242,1782222606.1447651,1752.4409294128418,1,200,,156,96,33,189
303,queue_pressure,vllm_queue_pressure,1782222604.3952096,1782222606.1563122,1761.1026763916016,1,200,,156,96,93,249
298,queue_pressure,vllm_queue_pressure,1782222604.3934436,1782222606.1563883,1762.9446983337402,1,200,,156,96,94,250
302,queue_pressure,vllm_queue_pressure,1782222604.39487,1782222606.1564577,1761.5876197814941,1,200,,156,96,85,241
304,queue_pressure,vllm_queue_pressure,1782222606.1569564,1782222607.8635738,1706.6173553466797,1,200,,156,96,95,251
310,queue_pressure,vllm_queue_pressure,1782222606.159027,1782222607.879777,1720.749855041504,1,200,,156,96,85,241
309,queue_pressure,vllm_queue_pressure,1782222606.1587443,1782222607.8801203,1721.3759422302246,1,200,,156,96,91,247
305,queue_pressure,vllm_queue_pressure,1782222606.1572683,1782222607.8802373,1722.9690551757812,1,200,,156,96,89,245
307,queue_pressure,vllm_queue_pressure,1782222606.1579835,1782222607.880329,1722.3453521728516,1,200,,156,96,93,249
308,queue_pressure,vllm_queue_pressure,1782222606.1582727,1782222607.880403,1722.130298614502,1,200,,156,96,85,241
306,queue_pressure,vllm_queue_pressure,1782222606.157634,1782222607.8804736,1722.839593887329,1,200,,156,96,88,244
311,queue_pressure,vllm_queue_pressure,1782222606.1593223,1782222607.8937192,1734.3969345092773,1,200,,156,96,93,249
313,queue_pressure,vllm_queue_pressure,1782222606.1598032,1782222607.894053,1734.2498302459717,1,200,,156,96,86,242
317,queue_pressure,vllm_queue_pressure,1782222606.1607473,1782222607.8941538,1733.4065437316895,1,200,,156,96,89,245
314,queue_pressure,vllm_queue_pressure,1782222606.1600056,1782222607.8942292,1734.2236042022705,1,200,,156,96,97,253
315,queue_pressure,vllm_queue_pressure,1782222606.1603146,1782222607.894301,1733.9863777160645,1,200,,156,96,33,189
312,queue_pressure,vllm_queue_pressure,1782222606.1595266,1782222607.8943694,1734.8427772521973,1,200,,156,96,33,189
319,queue_pressure,vllm_queue_pressure,1782222606.1611445,1782222607.9064345,1745.2900409698486,1,200,,156,96,90,246
316,queue_pressure,vllm_queue_pressure,1782222606.1605735,1782222607.9065526,1745.9790706634521,1,200,,156,96,97,253
318,queue_pressure,vllm_queue_pressure,1782222606.1609328,1782222607.9066947,1745.7618713378906,1,200,,156,96,85,241
321,queue_pressure,vllm_queue_pressure,1782222607.9074898,1782222609.6147766,1707.2868347167969,1,200,,156,96,85,241
324,queue_pressure,vllm_queue_pressure,1782222607.908061,1782222609.6310384,1722.9773998260498,1,200,,156,96,89,245
325,queue_pressure,vllm_queue_pressure,1782222607.9082406,1782222609.6311238,1722.8832244873047,1,200,,156,96,33,189
320,queue_pressure,vllm_queue_pressure,1782222607.9072733,1782222609.631198,1723.9246368408203,1,200,,156,96,33,189
323,queue_pressure,vllm_queue_pressure,1782222607.9078665,1782222609.6312728,1723.4063148498535,1,200,,156,96,89,245
322,queue_pressure,vllm_queue_pressure,1782222607.9076936,1782222609.6313517,1723.6580848693848,1,200,,156,96,33,189
327,queue_pressure,vllm_queue_pressure,1782222607.9087038,1782222609.6314306,1722.726821899414,1,200,,156,96,85,241
331,queue_pressure,vllm_queue_pressure,1782222607.9097035,1782222609.644681,1734.9774837493896,1,200,,156,96,97,253
326,queue_pressure,vllm_queue_pressure,1782222607.908434,1782222609.644875,1736.4411354064941,1,200,,156,96,33,189
332,queue_pressure,vllm_queue_pressure,1782222607.909871,1782222609.644944,1735.0728511810303,1,200,,156,96,33,189
328,queue_pressure,vllm_queue_pressure,1782222607.9089127,1782222609.6450155,1736.102819442749,1,200,,156,96,90,246
330,queue_pressure,vllm_queue_pressure,1782222607.9094539,1782222609.6452456,1735.7916831970215,1,200,,156,96,85,241
329,queue_pressure,vllm_queue_pressure,1782222607.9091048,1782222609.645326,1736.2210750579834,1,200,,156,96,91,247
335,queue_pressure,vllm_queue_pressure,1782222607.9107087,1782222609.6571696,1746.4609146118164,1,200,,156,96,33,189
333,queue_pressure,vllm_queue_pressure,1782222607.9100957,1782222609.6572561,1747.1604347229004,1,200,,156,96,90,246
334,queue_pressure,vllm_queue_pressure,1782222607.9103024,1782222609.6573968,1747.0943927764893,1,200,,156,96,85,241
338,queue_pressure,vllm_queue_pressure,1782222609.6585805,1782222611.369828,1711.247444152832,1,200,,156,96,86,242
339,queue_pressure,vllm_queue_pressure,1782222609.6588738,1782222611.3861082,1727.2343635559082,1,200,,156,96,85,241
342,queue_pressure,vllm_queue_pressure,1782222609.659823,1782222611.3861954,1726.372480392456,1,200,,156,96,86,242
337,queue_pressure,vllm_queue_pressure,1782222609.6582496,1782222611.3862724,1728.022813796997,1,200,,156,96,33,189
341,queue_pressure,vllm_queue_pressure,1782222609.659484,1782222611.3863473,1726.8633842468262,1,200,,156,96,33,189
336,queue_pressure,vllm_queue_pressure,1782222609.6579435,1782222611.386423,1728.4796237945557,1,200,,156,96,33,189
340,queue_pressure,vllm_queue_pressure,1782222609.659168,1782222611.3865,1727.3318767547607,1,200,,156,96,33,189
343,queue_pressure,vllm_queue_pressure,1782222609.660014,1782222611.3997245,1739.7105693817139,1,200,,156,96,89,245
348,queue_pressure,vllm_queue_pressure,1782222609.661463,1782222611.4000285,1738.565444946289,1,200,,156,96,90,246
344,queue_pressure,vllm_queue_pressure,1782222609.6602812,1782222611.4001265,1739.8452758789062,1,200,,156,96,89,245
346,queue_pressure,vllm_queue_pressure,1782222609.660811,1782222611.400199,1739.3879890441895,1,200,,156,96,33,189
345,queue_pressure,vllm_queue_pressure,1782222609.6605258,1782222611.4002645,1739.7387027740479,1,200,,156,96,89,245
349,queue_pressure,vllm_queue_pressure,1782222609.6616287,1782222611.400329,1738.7003898620605,1,200,,156,96,86,242
350,queue_pressure,vllm_queue_pressure,1782222609.66182,1782222611.4120827,1750.26273727417,1,200,,156,96,33,189
347,queue_pressure,vllm_queue_pressure,1782222609.6612794,1782222611.4121506,1750.871181488037,1,200,,156,96,91,247
351,queue_pressure,vllm_queue_pressure,1782222609.6619673,1782222611.41222,1750.2527236938477,1,200,,156,96,33,189
352,queue_pressure,vllm_queue_pressure,1782222611.41256,1782222613.122037,1709.4769477844238,1,200,,156,96,86,242
354,queue_pressure,vllm_queue_pressure,1782222611.413215,1782222613.1380262,1724.811315536499,1,200,,156,96,89,245
355,queue_pressure,vllm_queue_pressure,1782222611.413568,1782222613.138258,1724.6899604797363,1,200,,156,96,89,245
357,queue_pressure,vllm_queue_pressure,1782222611.414159,1782222613.1383288,1724.1697311401367,1,200,,156,96,89,245
353,queue_pressure,vllm_queue_pressure,1782222611.4129393,1782222613.1384494,1725.5101203918457,1,200,,156,96,95,251
358,queue_pressure,vllm_queue_pressure,1782222611.41437,1782222613.1386657,1724.2956161499023,1,200,,156,96,85,241
356,queue_pressure,vllm_queue_pressure,1782222611.4139566,1782222613.1387756,1724.8189449310303,1,200,,156,96,33,189
359,queue_pressure,vllm_queue_pressure,1782222611.4146543,1782222613.1519206,1737.2663021087646,1,200,,156,96,85,241
361,queue_pressure,vllm_queue_pressure,1782222611.415311,1782222613.1522245,1736.9134426116943,1,200,,156,96,90,246
360,queue_pressure,vllm_queue_pressure,1782222611.414845,1782222613.1523228,1737.4777793884277,1,200,,156,96,33,189
364,queue_pressure,vllm_queue_pressure,1782222611.4159558,1782222613.152396,1736.4401817321777,1,200,,156,96,33,189
362,queue_pressure,vllm_queue_pressure,1782222611.4155045,1782222613.1524625,1736.9580268859863,1,200,,156,96,85,241
363,queue_pressure,vllm_queue_pressure,1782222611.4157658,1782222613.152524,1736.7582321166992,1,200,,156,96,85,241
367,queue_pressure,vllm_queue_pressure,1782222611.4166276,1782222613.164659,1748.0313777923584,1,200,,156,96,85,241
365,queue_pressure,vllm_queue_pressure,1782222611.4161694,1782222613.1647792,1748.6097812652588,1,200,,156,96,33,189
366,queue_pressure,vllm_queue_pressure,1782222611.416355,1782222613.1648932,1748.5382556915283,1,200,,156,96,33,189
369,queue_pressure,vllm_queue_pressure,1782222613.1654806,1782222614.8715088,1706.0282230377197,1,200,,156,96,97,253
372,queue_pressure,vllm_queue_pressure,1782222613.166051,1782222614.887847,1721.7960357666016,1,200,,156,96,97,253
371,queue_pressure,vllm_queue_pressure,1782222613.1658707,1782222614.8879411,1722.0704555511475,1,200,,156,96,97,253
368,queue_pressure,vllm_queue_pressure,1782222613.1652732,1782222614.8880248,1722.7516174316406,1,200,,156,96,86,242
374,queue_pressure,vllm_queue_pressure,1782222613.1664808,1782222614.888104,1721.623182296753,1,200,,156,96,85,241
370,queue_pressure,vllm_queue_pressure,1782222613.1657052,1782222614.888183,1722.477912902832,1,200,,156,96,33,189
373,queue_pressure,vllm_queue_pressure,1782222613.1662254,1782222614.8882434,1722.0180034637451,1,200,,156,96,97,253
375,queue_pressure,vllm_queue_pressure,1782222613.1668139,1782222614.9017155,1734.9016666412354,1,200,,156,96,33,189
378,queue_pressure,vllm_queue_pressure,1782222613.1675365,1782222614.901797,1734.2605590820312,1,200,,156,96,95,251
377,queue_pressure,vllm_queue_pressure,1782222613.1673822,1782222614.9018815,1734.499216079712,1,200,,156,96,95,251
380,queue_pressure,vllm_queue_pressure,1782222613.1680825,1782222614.9019568,1733.8743209838867,1,200,,156,96,85,241
376,queue_pressure,vllm_queue_pressure,1782222613.1670334,1782222614.902032,1734.9984645843506,1,200,,156,96,86,242
379,queue_pressure,vllm_queue_pressure,1782222613.1677325,1782222614.9021091,1734.3766689300537,1,200,,156,96,97,253
382,queue_pressure,vllm_queue_pressure,1782222613.168433,1782222614.9138613,1745.4283237457275,1,200,,156,96,86,242
381,queue_pressure,vllm_queue_pressure,1782222613.1682541,1782222614.9139328,1745.6786632537842,1,200,,156,96,95,251
383,queue_pressure,vllm_queue_pressure,1782222613.1686327,1782222614.9140017,1745.3689575195312,1,200,,156,96,89,245
385,queue_pressure,vllm_queue_pressure,1782222614.9146683,1782222616.6394112,1724.7428894042969,1,200,,156,96,97,253
390,queue_pressure,vllm_queue_pressure,1782222614.9159427,1782222616.6557095,1739.7668361663818,1,200,,156,96,85,241
389,queue_pressure,vllm_queue_pressure,1782222614.915746,1782222616.6562026,1740.4565811157227,1,200,,156,96,86,242
386,queue_pressure,vllm_queue_pressure,1782222614.9149451,1782222616.656316,1741.3709163665771,1,200,,156,96,97,253
387,queue_pressure,vllm_queue_pressure,1782222614.9152696,1782222616.6563983,1741.12868309021,1,200,,156,96,90,246
388,queue_pressure,vllm_queue_pressure,1782222614.9155102,1782222616.6566834,1741.173267364502,1,200,,156,96,97,253
384,queue_pressure,vllm_queue_pressure,1782222614.9143488,1782222616.656763,1742.4142360687256,1,200,,156,96,33,189
393,queue_pressure,vllm_queue_pressure,1782222614.9166687,1782222616.669847,1753.178358078003,1,200,,156,96,33,189
391,queue_pressure,vllm_queue_pressure,1782222614.916134,1782222616.6701555,1754.021406173706,1,200,,156,96,85,241
392,queue_pressure,vllm_queue_pressure,1782222614.916448,1782222616.67026,1753.8118362426758,1,200,,156,96,33,189
394,queue_pressure,vllm_queue_pressure,1782222614.9169095,1782222616.6703336,1753.4241676330566,1,200,,156,96,85,241
395,queue_pressure,vllm_queue_pressure,1782222614.9171062,1782222616.6703944,1753.2882690429688,1,200,,156,96,85,241
396,queue_pressure,vllm_queue_pressure,1782222614.9172843,1782222616.6704621,1753.1778812408447,1,200,,156,96,89,245
397,queue_pressure,vllm_queue_pressure,1782222614.9176118,1782222616.682252,1764.6400928497314,1,200,,156,96,90,246
399,queue_pressure,vllm_queue_pressure,1782222614.9180694,1782222616.6823246,1764.2552852630615,1,200,,156,96,94,250
398,queue_pressure,vllm_queue_pressure,1782222614.917799,1782222616.6823952,1764.5962238311768,1,200,,156,96,90,246
400,queue_pressure,vllm_queue_pressure,1782222616.6827412,1782222618.4135575,1730.81636428833,1,200,,156,96,91,247
403,queue_pressure,vllm_queue_pressure,1782222616.6832957,1782222618.4294636,1746.1678981781006,1,200,,156,96,97,253
406,queue_pressure,vllm_queue_pressure,1782222616.6839285,1782222618.4298542,1745.9256649017334,1,200,,156,96,97,253
401,queue_pressure,vllm_queue_pressure,1782222616.6829455,1782222618.4299753,1747.0297813415527,1,200,,156,96,89,245
402,queue_pressure,vllm_queue_pressure,1782222616.6831412,1782222618.430051,1746.9098567962646,1,200,,156,96,95,251
405,queue_pressure,vllm_queue_pressure,1782222616.6836634,1782222618.4301183,1746.4549541473389,1,200,,156,96,98,254
404,queue_pressure,vllm_queue_pressure,1782222616.6834526,1782222618.4301898,1746.7372417449951,1,200,,156,96,95,251
408,queue_pressure,vllm_queue_pressure,1782222616.68432,1782222618.4438818,1759.5617771148682,1,200,,156,96,90,246
410,queue_pressure,vllm_queue_pressure,1782222616.684984,1782222618.4442358,1759.2518329620361,1,200,,156,96,86,242
407,queue_pressure,vllm_queue_pressure,1782222616.6841106,1782222618.4443479,1760.237216949463,1,200,,156,96,90,246
409,queue_pressure,vllm_queue_pressure,1782222616.6845136,1782222618.4444206,1759.9070072174072,1,200,,156,96,90,246
411,queue_pressure,vllm_queue_pressure,1782222616.6853375,1782222618.4444969,1759.1593265533447,1,200,,156,96,85,241
413,queue_pressure,vllm_queue_pressure,1782222616.685694,1782222618.4445753,1758.8813304901123,1,200,,156,96,86,242
415,queue_pressure,vllm_queue_pressure,1782222616.6860228,1782222618.456573,1770.55025100708,1,200,,156,96,95,251
412,queue_pressure,vllm_queue_pressure,1782222616.6855178,1782222618.4566727,1771.1548805236816,1,200,,156,96,93,249
414,queue_pressure,vllm_queue_pressure,1782222616.6858737,1782222618.4567451,1770.8714008331299,1,200,,156,96,98,254
416,queue_pressure,vllm_queue_pressure,1782222618.457087,1782222620.1839364,1726.8493175506592,1,200,,156,96,97,253
421,queue_pressure,vllm_queue_pressure,1782222618.4579792,1782222620.2001715,1742.192268371582,1,200,,156,96,90,246
418,queue_pressure,vllm_queue_pressure,1782222618.457484,1782222620.2009633,1743.4792518615723,1,200,,156,96,91,247
422,queue_pressure,vllm_queue_pressure,1782222618.4581914,1782222620.201052,1742.8605556488037,1,200,,156,96,90,246
419,queue_pressure,vllm_queue_pressure,1782222618.4576447,1782222620.201187,1743.542194366455,1,200,,156,96,85,241
420,queue_pressure,vllm_queue_pressure,1782222618.4578032,1782222620.2012773,1743.474006652832,1,200,,156,96,90,246
417,queue_pressure,vllm_queue_pressure,1782222618.4572954,1782222620.2013516,1744.056224822998,1,200,,156,96,33,189
423,queue_pressure,vllm_queue_pressure,1782222618.4585056,1782222620.2154965,1756.990909576416,1,200,,156,96,90,246
426,queue_pressure,vllm_queue_pressure,1782222618.4592428,1782222620.2156284,1756.3855648040771,1,200,,156,96,90,246
428,queue_pressure,vllm_queue_pressure,1782222618.4596775,1782222620.215714,1756.0365200042725,1,200,,156,96,89,245
427,queue_pressure,vllm_queue_pressure,1782222618.4594874,1782222620.2157917,1756.3042640686035,1,200,,156,96,90,246
424,queue_pressure,vllm_queue_pressure,1782222618.4587102,1782222620.2158659,1757.1556568145752,1,200,,156,96,90,246
425,queue_pressure,vllm_queue_pressure,1782222618.4590447,1782222620.215942,1756.897211074829,1,200,,156,96,90,246
429,queue_pressure,vllm_queue_pressure,1782222618.4600694,1782222620.228029,1767.9595947265625,1,200,,156,96,90,246
430,queue_pressure,vllm_queue_pressure,1782222618.4602168,1782222620.2281215,1767.9047584533691,1,200,,156,96,89,245
431,queue_pressure,vllm_queue_pressure,1782222618.4603662,1782222620.2281978,1767.831563949585,1,200,,156,96,90,246
433,queue_pressure,vllm_queue_pressure,1782222620.228805,1782222621.9495087,1720.7036018371582,1,200,,156,96,90,246
435,queue_pressure,vllm_queue_pressure,1782222620.229163,1782222621.9657352,1736.572265625,1,200,,156,96,90,246
432,queue_pressure,vllm_queue_pressure,1782222620.2285779,1782222621.9659693,1737.391471862793,1,200,,156,96,91,247
438,queue_pressure,vllm_queue_pressure,1782222620.2297394,1782222621.9660625,1736.3231182098389,1,200,,156,96,86,242
436,queue_pressure,vllm_queue_pressure,1782222620.2293901,1782222621.9661481,1736.7579936981201,1,200,,156,96,86,242
437,queue_pressure,vllm_queue_pressure,1782222620.2295535,1782222621.966389,1736.8354797363281,1,200,,156,96,89,245
434,queue_pressure,vllm_queue_pressure,1782222620.2289925,1782222621.9664683,1737.475872039795,1,200,,156,96,89,245
440,queue_pressure,vllm_queue_pressure,1782222620.230281,1782222621.9794571,1749.176025390625,1,200,,156,96,85,241
444,queue_pressure,vllm_queue_pressure,1782222620.231255,1782222621.9798052,1748.5501766204834,1,200,,156,96,94,250
443,queue_pressure,vllm_queue_pressure,1782222620.2310774,1782222621.9799168,1748.8393783569336,1,200,,156,96,101,257
441,queue_pressure,vllm_queue_pressure,1782222620.2306638,1782222621.9799948,1749.330997467041,1,200,,156,96,33,189
442,queue_pressure,vllm_queue_pressure,1782222620.2309232,1782222621.9800603,1749.1371631622314,1,200,,156,96,90,246
439,queue_pressure,vllm_queue_pressure,1782222620.2299695,1782222621.9801307,1750.1611709594727,1,200,,156,96,90,246
447,queue_pressure,vllm_queue_pressure,1782222620.2318015,1782222621.9918194,1760.0178718566895,1,200,,156,96,94,250
445,queue_pressure,vllm_queue_pressure,1782222620.231472,1782222621.991903,1760.4310512542725,1,200,,156,96,90,246
446,queue_pressure,vllm_queue_pressure,1782222620.231651,1782222621.991984,1760.3328227996826,1,200,,156,96,85,241
449,queue_pressure,vllm_queue_pressure,1782222621.9925783,1782222623.7066364,1714.0581607818604,1,200,,156,96,89,245
452,queue_pressure,vllm_queue_pressure,1782222621.9931822,1782222623.7231808,1729.9985885620117,1,200,,156,96,90,246
454,queue_pressure,vllm_queue_pressure,1782222621.993605,1782222623.7232783,1729.6733856201172,1,200,,156,96,86,242
453,queue_pressure,vllm_queue_pressure,1782222621.9934032,1782222623.7233593,1729.9561500549316,1,200,,156,96,94,250
448,queue_pressure,vllm_queue_pressure,1782222621.9923537,1782222623.7234466,1731.092929840088,1,200,,156,96,95,251
451,queue_pressure,vllm_queue_pressure,1782222621.992959,1782222623.723531,1730.571985244751,1,200,,156,96,93,249
450,queue_pressure,vllm_queue_pressure,1782222621.9927914,1782222623.7236135,1730.8220863342285,1,200,,156,96,33,189
456,queue_pressure,vllm_queue_pressure,1782222621.9943209,1782222623.7370973,1742.7763938903809,1,200,,156,96,90,246
459,queue_pressure,vllm_queue_pressure,1782222621.9948864,1782222623.7371805,1742.2940731048584,1,200,,156,96,86,242
460,queue_pressure,vllm_queue_pressure,1782222621.9950707,1782222623.7372618,1742.1910762786865,1,200,,156,96,86,242
458,queue_pressure,vllm_queue_pressure,1782222621.9946976,1782222623.7373414,1742.6438331604004,1,200,,156,96,94,250
457,queue_pressure,vllm_queue_pressure,1782222621.9944847,1782222623.737423,1742.9382801055908,1,200,,156,96,91,247
455,queue_pressure,vllm_queue_pressure,1782222621.994075,1782222623.7375083,1743.4332370758057,1,200,,156,96,90,246
462,queue_pressure,vllm_queue_pressure,1782222621.9953954,1782222623.7492175,1753.8220882415771,1,200,,156,96,85,241
461,queue_pressure,vllm_queue_pressure,1782222621.9952357,1782222623.7493372,1754.1015148162842,1,200,,156,96,86,242
463,queue_pressure,vllm_queue_pressure,1782222621.99562,1782222623.7494571,1753.8371086120605,1,200,,156,96,98,254
467,queue_pressure,vllm_queue_pressure,1782222623.750633,1782222625.4741364,1723.5033512115479,1,200,,156,96,86,242
470,queue_pressure,vllm_queue_pressure,1782222623.7511892,1782222625.490458,1739.2687797546387,1,200,,156,96,95,251
464,queue_pressure,vllm_queue_pressure,1782222623.749997,1782222625.4905412,1740.544319152832,1,200,,156,96,33,189
468,queue_pressure,vllm_queue_pressure,1782222623.7508233,1782222625.4906266,1739.8033142089844,1,200,,156,96,89,245
471,queue_pressure,vllm_queue_pressure,1782222623.7513943,1782222625.490718,1739.323616027832,1,200,,156,96,86,242
469,queue_pressure,vllm_queue_pressure,1782222623.7510083,1782222625.4908028,1739.7944927215576,1,200,,156,96,86,242
465,queue_pressure,vllm_queue_pressure,1782222623.7502623,1782222625.490886,1740.6237125396729,1,200,,156,96,86,242
473,queue_pressure,vllm_queue_pressure,1782222623.7518826,1782222625.5040593,1752.1767616271973,1,200,,156,96,86,242
477,queue_pressure,vllm_queue_pressure,1782222623.7529774,1782222625.5043821,1751.4047622680664,1,200,,156,96,85,241
472,queue_pressure,vllm_queue_pressure,1782222623.7516613,1782222625.5044868,1752.8254985809326,1,200,,156,96,97,253
474,queue_pressure,vllm_queue_pressure,1782222623.752096,1782222625.5045555,1752.4595260620117,1,200,,156,96,85,241
475,queue_pressure,vllm_queue_pressure,1782222623.752404,1782222625.5046382,1752.2342205047607,1,200,,156,96,33,189
466,queue_pressure,vllm_queue_pressure,1782222623.7504566,1782222625.5047073,1754.2507648468018,1,200,,156,96,86,242
476,queue_pressure,vllm_queue_pressure,1782222623.752718,1782222625.5166252,1763.9071941375732,1,200,,156,96,94,250
479,queue_pressure,vllm_queue_pressure,1782222623.7534344,1782222625.5167542,1763.319730758667,1,200,,156,96,94,250
478,queue_pressure,vllm_queue_pressure,1782222623.7532282,1782222625.5168726,1763.6444568634033,1,200,,156,96,85,241
484,queue_pressure,vllm_queue_pressure,1782222625.518549,1782222627.2409542,1722.405195236206,1,200,,156,96,90,246
480,queue_pressure,vllm_queue_pressure,1782222625.517362,1782222627.2570817,1739.7196292877197,1,200,,156,96,33,189
481,queue_pressure,vllm_queue_pressure,1782222625.5176818,1782222627.257426,1739.7441864013672,1,200,,156,96,89,245
486,queue_pressure,vllm_queue_pressure,1782222625.5189233,1782222627.257563,1738.6398315429688,1,200,,156,96,33,189
482,queue_pressure,vllm_queue_pressure,1782222625.5179505,1782222627.257643,1739.6924495697021,1,200,,156,96,95,251
483,queue_pressure,vllm_queue_pressure,1782222625.5182846,1782222627.2577195,1739.4349575042725,1,200,,156,96,86,242
485,queue_pressure,vllm_queue_pressure,1782222625.5187356,1782222627.257801,1739.065408706665,1,200,,156,96,95,251
492,queue_pressure,vllm_queue_pressure,1782222625.5201535,1782222627.2708683,1750.7147789001465,1,200,,156,96,33,189
490,queue_pressure,vllm_queue_pressure,1782222625.519793,1782222627.2711787,1751.3856887817383,1,200,,156,96,89,245
487,queue_pressure,vllm_queue_pressure,1782222625.5192182,1782222627.2712827,1752.0644664764404,1,200,,156,96,82,238
489,queue_pressure,vllm_queue_pressure,1782222625.5196152,1782222627.2713678,1751.7526149749756,1,200,,156,96,82,238
488,queue_pressure,vllm_queue_pressure,1782222625.5193908,1782222627.2714555,1752.0647048950195,1,200,,156,96,85,241
491,queue_pressure,vllm_queue_pressure,1782222625.519973,1782222627.2715297,1751.556634902954,1,200,,156,96,33,189
495,queue_pressure,vllm_queue_pressure,1782222625.5208478,1782222627.2835977,1762.7499103546143,1,200,,156,96,33,189
494,queue_pressure,vllm_queue_pressure,1782222625.5206084,1782222627.283707,1763.0984783172607,1,200,,156,96,33,189
493,queue_pressure,vllm_queue_pressure,1782222625.520351,1782222627.283822,1763.4711265563965,1,200,,156,96,33,189
496,queue_pressure,vllm_queue_pressure,1782222627.2843559,1782222628.9953222,1710.9663486480713,1,200,,156,96,33,189
502,queue_pressure,vllm_queue_pressure,1782222627.2854874,1782222629.0108075,1725.3201007843018,1,200,,156,96,91,247
499,queue_pressure,vllm_queue_pressure,1782222627.2849562,1782222629.011411,1726.454734802246,1,200,,156,96,33,189
498,queue_pressure,vllm_queue_pressure,1782222627.2847936,1782222629.011488,1726.6943454742432,1,200,,156,96,89,245
500,queue_pressure,vllm_queue_pressure,1782222627.2851605,1782222629.011745,1726.5844345092773,1,200,,156,96,33,189
501,queue_pressure,vllm_queue_pressure,1782222627.2853181,1782222629.0119243,1726.6061305999756,1,200,,156,96,93,249
497,queue_pressure,vllm_queue_pressure,1782222627.284568,1782222629.0120385,1727.4703979492188,1,200,,156,96,90,246
507,queue_pressure,vllm_queue_pressure,1782222627.2866936,1782222629.024648,1737.9543781280518,1,200,,156,96,98,254
506,queue_pressure,vllm_queue_pressure,1782222627.2864492,1782222629.0249772,1738.5280132293701,1,200,,156,96,95,251
505,queue_pressure,vllm_queue_pressure,1782222627.2862604,1782222629.0252836,1739.023208618164,1,200,,156,96,85,241
503,queue_pressure,vllm_queue_pressure,1782222627.285783,1782222629.0253732,1739.5901679992676,1,200,,156,96,93,249
510,queue_pressure,vllm_queue_pressure,1782222627.2874632,1782222629.025442,1737.9786968231201,1,200,,156,96,97,253
504,queue_pressure,vllm_queue_pressure,1782222627.285978,1782222629.0255048,1739.5267486572266,1,200,,156,96,93,249
511,queue_pressure,vllm_queue_pressure,1782222627.2877035,1782222629.0374076,1749.704122543335,1,200,,156,96,33,189
509,queue_pressure,vllm_queue_pressure,1782222627.2872586,1782222629.037475,1750.2164840698242,1,200,,156,96,95,251
508,queue_pressure,vllm_queue_pressure,1782222627.2869635,1782222629.0375426,1750.5791187286377,1,200,,156,96,33,189
513,queue_pressure,vllm_queue_pressure,1782222629.0381362,1782222630.766828,1728.691816329956,1,200,,156,96,33,189
518,queue_pressure,vllm_queue_pressure,1782222629.0395105,1782222630.7826717,1743.1612014770508,1,200,,156,96,93,249
517,queue_pressure,vllm_queue_pressure,1782222629.039241,1782222630.7832766,1744.0354824066162,1,200,,156,96,90,246
512,queue_pressure,vllm_queue_pressure,1782222629.0379136,1782222630.7834535,1745.539903640747,1,200,,156,96,33,189
516,queue_pressure,vllm_queue_pressure,1782222629.0387523,1782222630.7835639,1744.8115348815918,1,200,,156,96,33,189
515,queue_pressure,vllm_queue_pressure,1782222629.0384696,1782222630.783719,1745.2495098114014,1,200,,156,96,91,247
514,queue_pressure,vllm_queue_pressure,1782222629.0382984,1782222630.7838576,1745.5592155456543,1,200,,156,96,86,242
523,queue_pressure,vllm_queue_pressure,1782222629.0410764,1782222630.796895,1755.8186054229736,1,200,,156,96,86,242
522,queue_pressure,vllm_queue_pressure,1782222629.040937,1782222630.7970228,1756.0858726501465,1,200,,156,96,33,189
520,queue_pressure,vllm_queue_pressure,1782222629.040089,1782222630.797146,1757.0571899414062,1,200,,156,96,91,247
524,queue_pressure,vllm_queue_pressure,1782222629.0412984,1782222630.7972717,1755.9733390808105,1,200,,156,96,33,189
521,queue_pressure,vllm_queue_pressure,1782222629.0403125,1782222630.7974024,1757.0898532867432,1,200,,156,96,93,249
519,queue_pressure,vllm_queue_pressure,1782222629.0398953,1782222630.797528,1757.6327323913574,1,200,,156,96,85,241
526,queue_pressure,vllm_queue_pressure,1782222629.0416057,1782222630.80824,1766.634225845337,1,200,,156,96,33,189
525,queue_pressure,vllm_queue_pressure,1782222629.0414417,1782222630.8083556,1766.913890838623,1,200,,156,96,33,189
527,queue_pressure,vllm_queue_pressure,1782222629.0417502,1782222630.808474,1766.723871231079,1,200,,156,96,85,241
532,queue_pressure,vllm_queue_pressure,1782222630.8102963,1782222632.531026,1720.7295894622803,1,200,,156,96,85,241
530,queue_pressure,vllm_queue_pressure,1782222630.8096719,1782222632.54723,1737.558126449585,1,200,,156,96,89,245
528,queue_pressure,vllm_queue_pressure,1782222630.809049,1782222632.5476346,1738.5857105255127,1,200,,156,96,89,245
536,queue_pressure,vllm_queue_pressure,1782222630.8116755,1782222632.5477452,1736.069679260254,1,200,,156,96,33,189
531,queue_pressure,vllm_queue_pressure,1782222630.810016,1782222632.5478241,1737.8082275390625,1,200,,156,96,90,246
533,queue_pressure,vllm_queue_pressure,1782222630.810652,1782222632.547905,1737.252950668335,1,200,,156,96,33,189
529,queue_pressure,vllm_queue_pressure,1782222630.809375,1782222632.5479832,1738.6081218719482,1,200,,156,96,95,251
539,queue_pressure,vllm_queue_pressure,1782222630.8129966,1782222632.561212,1748.2154369354248,1,200,,156,96,86,242
537,queue_pressure,vllm_queue_pressure,1782222630.8120086,1782222632.5613022,1749.293565750122,1,200,,156,96,85,241
534,queue_pressure,vllm_queue_pressure,1782222630.8109663,1782222632.561501,1750.5347728729248,1,200,,156,96,86,242
538,queue_pressure,vllm_queue_pressure,1782222630.8124623,1782222632.5617323,1749.269962310791,1,200,,156,96,33,189
535,queue_pressure,vllm_queue_pressure,1782222630.8113532,1782222632.5618103,1750.4570484161377,1,200,,156,96,85,241
540,queue_pressure,vllm_queue_pressure,1782222630.8133419,1782222632.5618896,1748.5477924346924,1,200,,156,96,88,244
543,queue_pressure,vllm_queue_pressure,1782222630.8147097,1782222632.573437,1758.7273120880127,1,200,,156,96,86,242
542,queue_pressure,vllm_queue_pressure,1782222630.814294,1782222632.5735106,1759.216547012329,1,200,,156,96,85,241
541,queue_pressure,vllm_queue_pressure,1782222630.813886,1782222632.573594,1759.7081661224365,1,200,,156,96,85,241
544,queue_pressure,vllm_queue_pressure,1782222632.5739489,1782222634.2863193,1712.3703956604004,1,200,,156,96,86,242
545,queue_pressure,vllm_queue_pressure,1782222632.574163,1782222634.304047,1729.884147644043,1,200,,156,96,85,241
548,queue_pressure,vllm_queue_pressure,1782222632.5747917,1782222634.3041892,1729.3975353240967,1,200,,156,96,85,241
546,queue_pressure,vllm_queue_pressure,1782222632.5743642,1782222634.304327,1729.9628257751465,1,200,,156,96,86,242
550,queue_pressure,vllm_queue_pressure,1782222632.575239,1782222634.3044581,1729.2191982269287,1,200,,156,96,94,250
549,queue_pressure,vllm_queue_pressure,1782222632.5749602,1782222634.3046136,1729.6533584594727,1,200,,156,96,86,242
547,queue_pressure,vllm_queue_pressure,1782222632.5745604,1782222634.3047533,1730.1928997039795,1,200,,156,96,85,241
556,queue_pressure,vllm_queue_pressure,1782222632.5767167,1782222634.3174427,1740.7259941101074,1,200,,156,96,90,246
555,queue_pressure,vllm_queue_pressure,1782222632.576377,1782222634.31796,1741.5831089019775,1,200,,156,96,94,250
551,queue_pressure,vllm_queue_pressure,1782222632.5754797,1782222634.3181427,1742.6629066467285,1,200,,156,96,85,241
553,queue_pressure,vllm_queue_pressure,1782222632.575883,1782222634.3182638,1742.3808574676514,1,200,,156,96,85,241
554,queue_pressure,vllm_queue_pressure,1782222632.5761409,1782222634.3183873,1742.246389389038,1,200,,156,96,85,241
552,queue_pressure,vllm_queue_pressure,1782222632.5756967,1782222634.31851,1742.8133487701416,1,200,,156,96,86,242
558,queue_pressure,vllm_queue_pressure,1782222632.5770853,1782222634.3292696,1752.1843910217285,1,200,,156,96,85,241
557,queue_pressure,vllm_queue_pressure,1782222632.5768988,1782222634.3293953,1752.4964809417725,1,200,,156,96,90,246
559,queue_pressure,vllm_queue_pressure,1782222632.57729,1782222634.3295166,1752.2265911102295,1,200,,156,96,89,245
